Gender,"Company Type","WFH Setup Available",avg_designation,"avg ra","avg mf","avg br"
Female,Product,No,2.3681978798586574,4.853003533568905,6.042685512367498,0.49090459363957656
Female,Product,Yes,1.8165618448637317,3.7127882599580713,5.0047693920335465,0.37104821802934995
Female,Service,No,2.3140556368960468,4.777818448023426,5.9931918008784795,0.48260614934114027
Female,Service,Yes,1.8800108342361863,3.8049837486457205,5.092009750812565,0.379553087757316
Male,Product,No,2.5716145833333335,5.390625,6.591406250000003,0.546679687499999
Male,Product,Yes,2.0077071290944124,4.142581888246628,5.4425176621708475,0.4176429030186255
Male,Service,No,2.5954118873826904,5.426485922836288,6.590406673618364,0.5502989224887005
Male,Service,Yes,2.050817960320223,4.180647406891751,5.474939088061242,0.42303515489035853
